

CREATE TABLE Customers (
    CustomerID INT PRIMARY KEY,
    Name VARCHAR(100),
    Location VARCHAR(100),
    LoyaltyStatus VARCHAR(50)
);

-- Insert 40 rows into Customers
INSERT INTO Customers VALUES
(1, 'Alice', 'New York', 'Gold'),
(2, 'Bob', 'California', 'Silver'),
(3, 'Charlie', 'Texas', 'Gold'),
(4, 'David', 'Florida', 'Platinum'),
(5, 'Eve', 'California', 'Gold'),
(6, 'Frank', 'Texas', 'Silver'),
(7, 'Grace', 'New York', 'Platinum'),
(8, 'Helen', 'Florida', 'Gold'),
(9, 'Ivan', 'California', 'Silver'),
(10, 'Jack', 'New York', 'Gold'),
(11, 'Kathy', 'Texas', 'Gold'),
(12, 'Leo', 'California', 'Platinum'),
(13, 'Mona', 'New York', 'Silver'),
(14, 'Nina', 'Florida', 'Gold'),
(15, 'Oscar', 'California', 'Silver'),
(16, 'Paul', 'Texas', 'Gold'),
(17, 'Quincy', 'New York', 'Platinum'),
(18, 'Rachel', 'Florida', 'Silver'),
(19, 'Sam', 'California', 'Gold'),
(20, 'Tom', 'Texas', 'Platinum'),
(21, 'Uma', 'New York', 'Gold'),
(22, 'Vera', 'California', 'Platinum'),
(23, 'Walter', 'Florida', 'Silver'),
(24, 'Xander', 'Texas', 'Gold'),
(25, 'Yara', 'New York', 'Silver'),
(26, 'Zoe', 'California', 'Platinum'),
(27, 'Aaron', 'Texas', 'Gold'),
(28, 'Bella', 'Florida', 'Platinum'),
(29, 'Caleb', 'California', 'Silver'),
(30, 'Diana', 'Texas', 'Gold'),
(31, 'Eva', 'New York', 'Silver'),
(32, 'Finn', 'Florida', 'Gold'),
(33, 'Gina', 'California', 'Platinum'),
(34, 'Hank', 'Texas', 'Silver'),
(35, 'Ivy', 'New York', 'Gold'),
(36, 'Jason', 'California', 'Silver'),
(37, 'Ken', 'Texas', 'Platinum'),
(38, 'Lia', 'Florida', 'Gold'),
(39, 'Mick', 'New York', 'Platinum'),
(40, 'Noah', 'California', 'Gold');


-----------------------------------------------------------------------------------------



-- 2. Create Products Table
CREATE TABLE Products (
    ProductID INT PRIMARY KEY,
    Name VARCHAR(100),
    Price DECIMAL(10, 2),
    Category VARCHAR(50),
    StockQuantity INT
);

-- Insert 40 rows into Products
INSERT INTO Products VALUES
(1, 'Laptop', 1200.00, 'Electronics', 30),
(2, 'Smartphone', 800.00, 'Electronics', 50),
(3, 'Tablet', 400.00, 'Electronics', 40),
(4, 'Monitor', 250.00, 'Electronics', 60),
(5, 'Keyboard', 50.00, 'Accessories', 100),
(6, 'Mouse', 30.00, 'Accessories', 120),
(7, 'Chair', 150.00, 'Furniture', 80),
(8, 'Desk', 200.00, 'Furniture', 75),
(9, 'Pen', 5.00, 'Stationery', 300),
(10, 'Notebook', 10.00, 'Stationery', 500),
(11, 'Printer', 180.00, 'Electronics', 25),
(12, 'Camera', 500.00, 'Electronics', 40),
(13, 'Flashlight', 25.00, 'Tools', 200),
(14, 'Shirt', 30.00, 'Clothing', 150),
(15, 'Jeans', 45.00, 'Clothing', 120),
(16, 'Jacket', 80.00, 'Clothing', 70),
(17, 'Shoes', 60.00, 'Clothing', 100),
(18, 'Hat', 20.00, 'Accessories', 50),
(19, 'Socks', 10.00, 'Clothing', 200),
(20, 'T-Shirt', 25.00, 'Clothing', 150),
(21, 'Lamp', 60.00, 'Furniture', 40),
(22, 'Coffee Table', 100.00, 'Furniture', 35),
(23, 'Book', 15.00, 'Stationery', 250),
(24, 'Rug', 90.00, 'Furniture', 60),
(25, 'Cup', 5.00, 'Accessories', 500),
(26, 'Bag', 25.00, 'Accessories', 300),
(27, 'Couch', 450.00, 'Furniture', 15),
(28, 'Fridge', 600.00, 'Electronics', 20),
(29, 'Stove', 500.00, 'Electronics', 15),
(30, 'Microwave', 120.00, 'Electronics', 25),
(31, 'Air Conditioner', 350.00, 'Electronics', 10),
(32, 'Washing Machine', 450.00, 'Electronics', 15),
(33, 'Dryer', 400.00, 'Electronics', 10),
(34, 'Hair Dryer', 30.00, 'Accessories', 100),
(35, 'Iron', 40.00, 'Electronics', 50),
(36, 'Coffee Maker', 50.00, 'Electronics', 60),
(37, 'Blender', 35.00, 'Electronics', 40),
(38, 'Juicer', 55.00, 'Electronics', 30),
(39, 'Toaster', 40.00, 'Electronics', 70),
(40, 'Dishwasher', 500.00, 'Electronics', 20);
------------------------------------------------------------------------------------------------------------------------

CREATE TABLE Orders (
    OrderID INT PRIMARY KEY,
    CustomerID INT,
    ProductID INT,
    OrderDate DATE,
    Quantity INT,
    TotalAmount DECIMAL(10, 2),
    FOREIGN KEY (CustomerID) REFERENCES Customers(CustomerID),
    FOREIGN KEY (ProductID) REFERENCES Products(ProductID)
);

-- Insert 40 rows into Orders
INSERT INTO Orders VALUES
(1, 1, 2, '2024-01-10', 1, 800.00),
(2, 2, 3, '2024-01-11', 2, 800.00),
(3, 3, 4, '2024-01-12', 1, 250.00),
(4, 4, 5, '2024-01-13', 3, 150.00),
(5, 5, 6, '2024-01-14', 1, 30.00),
(6, 6, 7, '2024-01-15', 2, 300.00),
(7, 7, 8, '2024-01-16', 1, 200.00),
(8, 8, 9, '2024-01-17', 4, 40.00),
(9, 9, 10, '2024-01-18', 1, 10.00),
(10, 10, 11, '2024-01-19', 2, 360.00),
(11, 11, 12, '2024-01-20', 1, 500.00),
(12, 12, 13, '2024-01-21', 1, 25.00),
(13, 13, 14, '2024-01-22', 2, 60.00),
(14, 14, 15, '2024-01-23', 3, 135.00),
(15, 15, 16, '2024-01-24', 1, 80.00),
(16, 16, 17, '2024-01-25', 1, 60.00),
(17, 17, 18, '2024-01-26', 2, 40.00),
(18, 18, 19, '2024-01-27', 5, 50.00),
(19, 19, 20, '2024-01-28', 2, 50.00),
(20, 20, 21, '2024-01-29', 1, 60.00),
(21, 21, 22, '2024-02-01', 1, 100.00),
(22, 22, 23, '2024-02-02', 1, 15.00),
(23, 23, 24, '2024-02-03', 2, 180.00),
(24, 24, 25, '2024-02-04', 3, 15.00),
(25, 25, 26, '2024-02-05', 4, 100.00),
(26, 26, 27, '2024-02-06', 1, 450.00),
(27, 27, 28, '2024-02-07', 1, 600.00),
(28, 28, 29, '2024-02-08', 1, 500.00),
(29, 29, 30, '2024-02-09', 2, 240.00),
(30, 30, 31, '2024-02-10', 1, 350.00),
(31, 31, 32, '2024-02-11', 1, 450.00),
(32, 32, 33, '2024-02-12', 1, 40.00),
(33, 33, 34, '2024-02-13', 2, 100.00),
(34, 34, 35, '2024-02-14', 3, 120.00),
(35, 35, 36, '2024-02-15', 1, 60.00),
(36, 36, 37, '2024-02-16', 1, 35.00),
(37, 37, 38, '2024-02-17', 2, 110.00),
(38, 38, 39, '2024-02-18', 1, 40.00),
(39, 39, 40, '2024-02-19', 3, 120.00),
(40, 40, 1, '2024-02-20', 1, 1200.00);

-------------------------------------------------------------------------------------------------------------

1. Create Employees Table
CREATE TABLE Employees (
    EmployeeID INT PRIMARY KEY,
    Name VARCHAR(100),
    DepartmentID INT,
    Salary DECIMAL(10, 2),
    HireDate DATE
);
2. Insert 40 Rows into Employees Table
INSERT INTO Employees (EmployeeID, Name, DepartmentID, Salary, HireDate) VALUES
(1, 'John Doe', 1, 55000.00, '2020-01-01'),
(2, 'Jane Smith', 2, 65000.00, '2019-03-15'),
(3, 'Mary Johnson', 3, 45000.00, '2021-05-10'),
(4, 'James Brown', 1, 60000.00, '2018-07-22'),
(5, 'Patricia Davis', 4, 70000.00, '2017-08-30'),
(6, 'Michael Miller', 2, 75000.00, '2020-12-12'),
(7, 'Linda Wilson', 3, 48000.00, '2016-11-02'),
(8, 'David Moore', 4, 85000.00, '2021-09-01'),
(9, 'Elizabeth Taylor', 1, 60000.00, '2019-05-18'),
(10, 'William Anderson', 2, 64000.00, '2020-04-10'),
(11, 'Susan Thomas', 3, 47000.00, '2017-01-25'),
(12, 'Joseph Jackson', 4, 78000.00, '2016-09-30'),
(13, 'Karen White', 1, 59000.00, '2018-06-10'),
(14, 'Steven Harris', 2, 71000.00, '2021-07-15'),
(15, 'Nancy Clark', 3, 45000.00, '2020-02-20'),
(16, 'George Lewis', 4, 80000.00, '2019-11-10'),
(17, 'Betty Lee', 1, 55000.00, '2017-04-05'),
(18, 'Samuel Walker', 2, 72000.00, '2021-03-22'),
(19, 'Helen Hall', 3, 49000.00, '2018-10-16'),
(20, 'Charles Allen', 4, 90000.00, '2015-08-11'),
(21, 'Betty Young', 1, 53000.00, '2020-05-17'),
(22, 'Frank King', 2, 67000.00, '2021-02-02'),
(23, 'Deborah Scott', 3, 47000.00, '2019-07-09'),
(24, 'Matthew Green', 4, 76000.00, '2021-01-15'),
(25, 'Sandra Adams', 1, 54000.00, '2020-06-21'),
(26, 'Paul Nelson', 2, 71000.00, '2018-12-03'),
(27, 'Margaret Carter', 3, 46000.00, '2020-08-19'),
(28, 'Anthony Mitchell', 4, 82000.00, '2021-04-10'),
(29, 'Lisa Perez', 1, 60000.00, '2021-03-05'),
(30, 'Christopher Roberts', 2, 69000.00, '2019-09-24'),
(31, 'Jessica Gonzalez', 3, 47000.00, '2017-12-13'),
(32, 'Brian Moore', 4, 85000.00, '2018-11-05'),
(33, 'Dorothy Evans', 1, 59000.00, '2019-06-11'),
(34, 'Matthew Carter', 2, 70000.00, '2020-01-29'),
(35, 'Rachel Martinez', 3, 51000.00, '2021-06-06'),
(36, 'Daniel Perez', 4, 83000.00, '2021-07-01'),
(37, 'Catherine Roberts', 1, 60000.00, '2020-09-19'),
(38, 'Ronald Murphy', 2, 68000.00, '2017-02-04'),
(39, 'Angela Jenkins', 3, 52000.00, '2018-04-23'),
(40, 'Gary Wright', 4, 87000.00, '2021-01-10');
________________________________________
3. Create Departments Table
CREATE TABLE Departments (
    DepartmentID INT PRIMARY KEY,
    DepartmentName VARCHAR(100)
);
4. Insert 40 Rows into Departments Table
INSERT INTO Departments (DepartmentID, DepartmentName) VALUES
(1, 'Sales'),
(2, 'Human Resources'),
(3, 'IT'),
(4, 'Marketing'),
(5, 'Finance'),
(6, 'Legal'),
(7, 'Operations'),
(8, 'Research & Development'),
(9, 'Customer Support'),
(10, 'Procurement'),
(11, 'Supply Chain'),
(12, 'Logistics'),
(13, 'Design'),
(14, 'Product Management'),
(15, 'Public Relations'),
(16, 'Business Development'),
(17, 'Quality Assurance'),
(18, 'Data Analytics'),
(19, 'Software Engineering'),
(20, 'Compliance'),
(21, 'Audit'),
(22, 'Product Design'),
(23, 'Health & Safety'),
(24, 'Training & Development'),
(25, 'Accounting'),
(26, 'IT Security'),
(27, 'Market Research'),
(28, 'Customer Success'),
(29, 'Talent Acquisition'),
(30, 'Communications'),
(31, 'Sales Support'),
(32, 'Business Intelligence'),
(33, 'Project Management'),
(34, 'Legal Affairs'),
(35, 'Creative Services'),
(36, 'Information Systems'),
(37, 'Corporate Strategy'),
(38, 'Change Management'),
(39, 'Investor Relations'),
(40, 'Employee Relations');
-------------------------------------------------------------------------------------------------


CREATE TABLE Payments (
    PaymentID INT PRIMARY KEY,
    OrderID INT NULL,
    PaymentDate DATE,
    Amount DECIMAL(10, 2),
    PaymentMethod VARCHAR(50),
    FOREIGN KEY (OrderID) REFERENCES Orders(OrderID)
);

INSERT INTO Payments VALUES
(501, 102, '2023-05-15', 800.00, 'Credit Card'),
(502, 205, '2024-09-08', 800.00, 'PayPal'),
(503, 311, '2022-11-23', 250.00, 'Bank Transfer'),
(504, NULL, '2024-01-05', 500.00, 'Cash'),
(505, 421, '2021-03-31', 150.00, 'Credit Card'),
(506, 610, '2022-08-26', 300.00, 'Debit Card'),
(507, 728, '2024-06-11', 200.00, 'PayPal'),
(508, NULL, '2023-12-20', 75.00, 'Bank Transfer'),
(509, 915, '2023-02-19', 10.00, 'Cash'),
(510, 1003, '2025-09-28', 360.00, 'Credit Card'),
(511, 1108, '2023-10-12', 500.00, 'PayPal'),
(512, 1205, '2024-04-04', 25.00, 'Debit Card'),
(513, 1354, '2022-07-30', 60.00, 'Credit Card'),
(514, NULL, '2024-02-17', 1200.00, 'Wire Transfer'), 
(515, 1411, '2021-01-23', 135.00, 'Bank Transfer'),
(516, NULL, '2023-06-29', 150.00, 'PayPal'), 
(517, 1622, '2022-10-09', 60.00, 'Cash'),
(518, 1710, '2023-06-22', 40.00, 'Debit Card'),
(519, 1845, '2021-09-14', 50.00, 'Credit Card'),
(520, NULL, '2025-01-18', 95.00, 'Bank Transfer'); 
